<?xml version="1.0" encoding="UTF-8"?>
<w:WantList w:release="5.0" w:product="NIEM" w:nillableDefault="true"
  xmlns:w="http://niem.gov/niem/wantlist/2.2"
  xmlns:aamva_d20="http://release.niem.gov/niem/codes/aamva_d20/5.0/"
  xmlns:unece="http://release.niem.gov/niem/codes/unece_rec20/5.0/"
  xmlns:gml="http://www.opengis.net/gml/3.2"
  xmlns:geo="http://release.niem.gov/niem/adapters/geospatial/5.0/"
  xmlns:j="http://release.niem.gov/niem/domains/jxdm/7.0/"
  xmlns:hs="http://release.niem.gov/niem/domains/humanServices/5.0/"
  xmlns:niem-xs="http://release.niem.gov/niem/proxy/niem-xs/5.0/" xmlns:nc="http://release.niem.gov/niem/niem-core/5.0/">
  <w:Attribute w:name="nc:personNameCommentText"/>
  <w:Element w:name="geo:LocationGeospatialPoint" w:isReference="false" w:nillable="false"/>
  <w:Element w:name="hs:ParentChildAssociation" w:isReference="false" w:nillable="true"/>
  <w:Element w:name="hs:PersonOtherKinAssociation" w:isReference="false" w:nillable="true"/>
  <w:Element w:name="hs:PersonOtherKinAssociationCategoryCode"
    w:isReference="false" w:nillable="false"/>
  <w:Element w:name="j:Charge" w:isReference="false" w:nillable="true"/>
  <w:Element w:name="j:Crash" w:isReference="false" w:nillable="true"/>
  <w:Element w:name="j:CrashDriver" w:isReference="false" w:nillable="true"/>
  <w:Element w:name="j:InjurySeverityCode" w:isReference="false" w:nillable="false"/>
  <w:Element w:name="j:Metadata" w:isReference="false" w:nillable="true"/>
  <w:Element w:name="j:PersonChargeAssociation" w:isReference="false" w:nillable="true"/>
  <w:Element w:name="j:PersonChargeAssociationAugmentationPoint"
    w:isReference="false" w:nillable="true"/>
  <w:Element w:name="nc:Date" w:isReference="false" w:nillable="false"/>
  <w:Element w:name="nc:ItemLengthMeasure" w:isReference="false" w:nillable="true"/>
  <w:Element w:name="nc:Location2DGeospatialCoordinate"
    w:isReference="false" w:nillable="false"/>
  <w:Element w:name="nc:MeasureDecimalValue" w:isReference="false" w:nillable="false"/>
  <w:Element w:name="nc:MeasurePointAbstract" w:isReference="false" w:nillable="false"/>
  <w:Element w:name="nc:MeasureValueText" w:isReference="false" w:nillable="false"/>
  <w:Element w:name="nc:Metadata" w:isReference="false" w:nillable="false"/>
  <w:Element w:name="nc:PersonUnionAssociation" w:isReference="false" w:nillable="true"/>
  <w:Element w:name="unece:LengthUnitCode" w:isReference="false" w:nillable="false"/>
  <w:Type w:name="aamva_d20:AccidentSeverityCodeSimpleType" w:isRequested="false">
    <w:Facet w:facet="enumeration" w:value="1"/>
    <w:Facet w:facet="enumeration" w:value="2"/>
    <w:Facet w:facet="enumeration" w:value="3"/>
    <w:Facet w:facet="enumeration" w:value="4"/>
    <w:Facet w:facet="enumeration" w:value="5"/>
    <w:Facet w:facet="enumeration" w:value="9"/>
  </w:Type>
  <w:Type w:name="geo:PointType" w:isRequested="false">
    <w:ElementInType w:name="gml:Point" w:isReference="false"
      w:minOccurs="1" w:maxOccurs="1"/>
  </w:Type>
  <w:Type w:name="hs:ParentChildAssociationType" w:isRequested="false">
    <w:ElementInType w:name="hs:Child" w:isReference="false"
      w:minOccurs="0" w:maxOccurs="unbounded"/>
    <w:ElementInType w:name="hs:Parent" w:isReference="false"
      w:minOccurs="0" w:maxOccurs="unbounded"/>
  </w:Type>
  <w:Type w:name="hs:PersonOtherKinAssociationCodeSimpleType" w:isRequested="false">
    <w:Facet w:facet="enumeration" w:value="Authority Figure"/>
    <w:Facet w:facet="enumeration" w:value="Babysitter"/>
    <w:Facet w:facet="enumeration" w:value="Brother"/>
    <w:Facet w:facet="enumeration" w:value="Brother-In-Law"/>
    <w:Facet w:facet="enumeration" w:value="Clergy"/>
    <w:Facet w:facet="enumeration" w:value="Coach"/>
    <w:Facet w:facet="enumeration" w:value="Domestic Partner"/>
    <w:Facet w:facet="enumeration" w:value="Father-in-Law"/>
    <w:Facet w:facet="enumeration" w:value="Fiance"/>
    <w:Facet w:facet="enumeration" w:value="Fiancee"/>
    <w:Facet w:facet="enumeration" w:value="Fictive Kin"/>
    <w:Facet w:facet="enumeration" w:value="Godfather"/>
    <w:Facet w:facet="enumeration" w:value="Godmother"/>
    <w:Facet w:facet="enumeration" w:value="Granddaughter"/>
    <w:Facet w:facet="enumeration" w:value="Grandson"/>
    <w:Facet w:facet="enumeration" w:value="Great-Granddaughter"/>
    <w:Facet w:facet="enumeration" w:value="Great-Grandson"/>
    <w:Facet w:facet="enumeration" w:value="Maternal Aunt"/>
    <w:Facet w:facet="enumeration" w:value="Maternal Female Cousin"/>
    <w:Facet w:facet="enumeration" w:value="Maternal Grandfather"/>
    <w:Facet w:facet="enumeration" w:value="Maternal Grandmother"/>
    <w:Facet w:facet="enumeration" w:value="Maternal Great Grandfather"/>
    <w:Facet w:facet="enumeration" w:value="Maternal Great Grandmother"/>
    <w:Facet w:facet="enumeration" w:value="Maternal Male Cousin"/>
    <w:Facet w:facet="enumeration" w:value="Maternal Uncle"/>
    <w:Facet w:facet="enumeration" w:value="Mother-in-Law"/>
    <w:Facet w:facet="enumeration" w:value="Neighbor"/>
    <w:Facet w:facet="enumeration" w:value="Nephew"/>
    <w:Facet w:facet="enumeration" w:value="Niece"/>
    <w:Facet w:facet="enumeration" w:value="Paternal Aunt"/>
    <w:Facet w:facet="enumeration" w:value="Paternal Female Cousin"/>
    <w:Facet w:facet="enumeration" w:value="Paternal Grandfather"/>
    <w:Facet w:facet="enumeration" w:value="Paternal Grandmother"/>
    <w:Facet w:facet="enumeration" w:value="Paternal Great Grandfather"/>
    <w:Facet w:facet="enumeration" w:value="Paternal Great Grandmother"/>
    <w:Facet w:facet="enumeration" w:value="Paternal Male Cousin"/>
    <w:Facet w:facet="enumeration" w:value="Paternal Uncle"/>
    <w:Facet w:facet="enumeration" w:value="Roommate"/>
    <w:Facet w:facet="enumeration" w:value="Significant Other"/>
    <w:Facet w:facet="enumeration" w:value="Sister"/>
    <w:Facet w:facet="enumeration" w:value="Sister-In-Law"/>
    <w:Facet w:facet="enumeration" w:value="Teacher"/>
    <w:Facet w:facet="enumeration" w:value="Unrelated Friend"/>
  </w:Type>
  <w:Type w:name="hs:PersonOtherKinAssociationType" w:isRequested="false">
    <w:ElementInType
      w:name="hs:PersonOtherKinAssociationCategoryAbstract"
      w:isReference="false" w:minOccurs="0" w:maxOccurs="unbounded"/>
  </w:Type>
  <w:Type w:name="j:ChargeType" w:isRequested="false">
    <w:ElementInType w:name="j:ChargeDescriptionText"
      w:isReference="false" w:minOccurs="0" w:maxOccurs="unbounded"/>
    <w:ElementInType w:name="j:ChargeFelonyIndicator"
      w:isReference="false" w:minOccurs="0" w:maxOccurs="unbounded"/>
  </w:Type>
  <w:Type w:name="j:CrashDriverType" w:isRequested="false">
    <w:ElementInType w:name="nc:RoleOfPerson" w:isReference="false"
      w:minOccurs="1" w:maxOccurs="1"/>
    <w:ElementInType w:name="j:DriverLicense" w:isReference="false"
      w:minOccurs="0" w:maxOccurs="unbounded"/>
  </w:Type>
  <w:Type w:name="j:CrashPersonType" w:isRequested="false">
    <w:ElementInType w:name="nc:RoleOfPerson" w:isReference="false"
      w:minOccurs="0" w:maxOccurs="unbounded"/>
    <w:ElementInType w:name="j:CrashPersonInjury" w:isReference="false"
      w:minOccurs="0" w:maxOccurs="unbounded"/>
  </w:Type>
  <w:Type w:name="j:CrashType" w:isRequested="false">
    <w:ElementInType w:name="j:CrashVehicle" w:isReference="false"
      w:minOccurs="0" w:maxOccurs="unbounded"/>
    <w:ElementInType w:name="j:CrashPerson" w:isReference="false"
      w:minOccurs="0" w:maxOccurs="unbounded"/>
  </w:Type>
  <w:Type w:name="j:CrashVehicleType" w:isRequested="false">
    <w:ElementInType w:name="j:CrashDriver" w:isReference="false"
      w:minOccurs="0" w:maxOccurs="unbounded"/>
  </w:Type>
  <w:Type w:name="j:DriverLicenseType" w:isRequested="false">
    <w:ElementInType w:name="j:DriverLicenseCardIdentification"
      w:isReference="false" w:minOccurs="0" w:maxOccurs="unbounded"/>
    <w:ElementInType w:name="j:DriverLicenseAugmentationPoint"
      w:isReference="false" w:minOccurs="0" w:maxOccurs="unbounded"/>
  </w:Type>
  <w:Type w:name="j:MetadataType" w:isRequested="false">
    <w:ElementInType w:name="j:CriminalInformationIndicator"
      w:isReference="false" w:minOccurs="0" w:maxOccurs="unbounded"/>
  </w:Type>
  <w:Type w:name="j:PersonChargeAssociationType" w:isRequested="false">
    <w:ElementInType w:name="nc:Person" w:isReference="false"
      w:minOccurs="0" w:maxOccurs="unbounded"/>
    <w:ElementInType w:name="j:Charge" w:isReference="false"
      w:minOccurs="0" w:maxOccurs="unbounded"/>
    <w:ElementInType w:name="j:JuvenileAsAdultIndicator"
      w:isReference="false" w:minOccurs="0" w:maxOccurs="unbounded"/>
    <w:ElementInType w:name="j:PersonChargeAssociationAugmentationPoint"
      w:isReference="false" w:minOccurs="0" w:maxOccurs="unbounded"/>
  </w:Type>
  <w:Type w:name="nc:ActivityType" w:isRequested="false">
    <w:ElementInType w:name="nc:ActivityDate" w:isReference="false"
      w:minOccurs="0" w:maxOccurs="unbounded"/>
    <w:ElementInType w:name="nc:ActivityLocation" w:isReference="false"
      w:minOccurs="0" w:maxOccurs="unbounded"/>
  </w:Type>
  <w:Type w:name="nc:DateType" w:isRequested="false">
    <w:ElementInType w:name="nc:DateRepresentation"
      w:isReference="false" w:minOccurs="1" w:maxOccurs="1"/>
  </w:Type>
  <w:Type w:name="nc:IdentificationType" w:isRequested="false">
    <w:ElementInType w:name="nc:IdentificationID" w:isReference="false"
      w:minOccurs="0" w:maxOccurs="unbounded"/>
  </w:Type>
  <w:Type w:name="nc:InjuryType" w:isRequested="false">
    <w:ElementInType w:name="nc:InjuryDescriptionText"
      w:isReference="false" w:minOccurs="0" w:maxOccurs="unbounded"/>
    <w:ElementInType w:name="nc:InjurySeverityAbstract"
      w:isReference="false" w:minOccurs="0" w:maxOccurs="unbounded"/>
  </w:Type>
  <w:Type w:name="nc:LatitudeCoordinateType" w:isRequested="false">
    <w:ElementInType w:name="nc:LatitudeDegreeValue"
      w:isReference="false" w:minOccurs="0" w:maxOccurs="unbounded"/>
    <w:ElementInType w:name="nc:LatitudeMinuteValue"
      w:isReference="false" w:minOccurs="0" w:maxOccurs="unbounded"/>
    <w:ElementInType w:name="nc:LatitudeSecondValue"
      w:isReference="false" w:minOccurs="0" w:maxOccurs="unbounded"/>
  </w:Type>
  <w:Type w:name="nc:LengthMeasureType" w:isRequested="false">
    <w:ElementInType w:name="nc:LengthUnitAbstract"
      w:isReference="false" w:minOccurs="0" w:maxOccurs="unbounded"/>
  </w:Type>
  <w:Type w:name="nc:Location2DGeospatialCoordinateType" w:isRequested="false">
    <w:ElementInType w:name="nc:GeographicCoordinateLatitude"
      w:isReference="false" w:minOccurs="1" w:maxOccurs="1"/>
    <w:ElementInType w:name="nc:GeographicCoordinateLongitude"
      w:isReference="false" w:minOccurs="1" w:maxOccurs="1"/>
  </w:Type>
  <w:Type w:name="nc:LocationType" w:isRequested="false">
    <w:ElementInType w:name="nc:LocationGeospatialCoordinateAbstract"
      w:isReference="false" w:minOccurs="0" w:maxOccurs="unbounded"/>
  </w:Type>
  <w:Type w:name="nc:LongitudeCoordinateType" w:isRequested="false">
    <w:ElementInType w:name="nc:LongitudeDegreeValue"
      w:isReference="false" w:minOccurs="0" w:maxOccurs="unbounded"/>
    <w:ElementInType w:name="nc:LongitudeMinuteValue"
      w:isReference="false" w:minOccurs="0" w:maxOccurs="unbounded"/>
    <w:ElementInType w:name="nc:LongitudeSecondValue"
      w:isReference="false" w:minOccurs="0" w:maxOccurs="unbounded"/>
  </w:Type>
  <w:Type w:name="nc:MeasureType" w:isRequested="true">
    <w:ElementInType w:name="nc:MeasureValueAbstract"
      w:isReference="false" w:minOccurs="0" w:maxOccurs="unbounded"/>
  </w:Type>
  <w:Type w:name="nc:MetadataType" w:isRequested="false">
    <w:ElementInType w:name="nc:ReportedDate" w:isReference="false"
      w:minOccurs="0" w:maxOccurs="unbounded"/>
  </w:Type>
  <w:Type w:name="nc:PersonNameType" w:isRequested="false">
    <w:AttributeInType w:name="nc:personNameCommentText" w:minOccurs="0" w:maxOccurs="1"/>
    <w:ElementInType w:name="nc:PersonGivenName" w:isReference="false"
      w:minOccurs="0" w:maxOccurs="unbounded"/>
    <w:ElementInType w:name="nc:PersonMiddleName" w:isReference="false"
      w:minOccurs="0" w:maxOccurs="unbounded"/>
    <w:ElementInType w:name="nc:PersonSurName" w:isReference="false"
      w:minOccurs="0" w:maxOccurs="unbounded"/>
  </w:Type>
  <w:Type w:name="nc:PersonType" w:isRequested="false">
    <w:ElementInType w:name="nc:PersonBirthDate" w:isReference="false"
      w:minOccurs="0" w:maxOccurs="unbounded"/>
    <w:ElementInType w:name="nc:PersonName" w:isReference="false"
      w:minOccurs="0" w:maxOccurs="unbounded"/>
    <w:ElementInType w:name="nc:PersonAugmentationPoint"
      w:isReference="false" w:minOccurs="0" w:maxOccurs="unbounded"/>
  </w:Type>
  <w:Type w:name="niem-xs:boolean" w:isRequested="true"/>
  <w:Type w:name="unece:LengthCodeSimpleType" w:isRequested="false">
    <w:Facet w:facet="enumeration" w:value="4H"/>
    <w:Facet w:facet="enumeration" w:value="77"/>
    <w:Facet w:facet="enumeration" w:value="A11"/>
    <w:Facet w:facet="enumeration" w:value="A12"/>
    <w:Facet w:facet="enumeration" w:value="A45"/>
    <w:Facet w:facet="enumeration" w:value="A71"/>
    <w:Facet w:facet="enumeration" w:value="AK"/>
    <w:Facet w:facet="enumeration" w:value="AWG"/>
    <w:Facet w:facet="enumeration" w:value="B57"/>
    <w:Facet w:facet="enumeration" w:value="C45"/>
    <w:Facet w:facet="enumeration" w:value="C52"/>
    <w:Facet w:facet="enumeration" w:value="C63"/>
    <w:Facet w:facet="enumeration" w:value="CMT"/>
    <w:Facet w:facet="enumeration" w:value="DMT"/>
    <w:Facet w:facet="enumeration" w:value="F49"/>
    <w:Facet w:facet="enumeration" w:value="F50"/>
    <w:Facet w:facet="enumeration" w:value="F51"/>
    <w:Facet w:facet="enumeration" w:value="F52"/>
    <w:Facet w:facet="enumeration" w:value="FOT"/>
    <w:Facet w:facet="enumeration" w:value="G04"/>
    <w:Facet w:facet="enumeration" w:value="G05"/>
    <w:Facet w:facet="enumeration" w:value="G06"/>
    <w:Facet w:facet="enumeration" w:value="H79"/>
    <w:Facet w:facet="enumeration" w:value="H84"/>
    <w:Facet w:facet="enumeration" w:value="HMT"/>
    <w:Facet w:facet="enumeration" w:value="INH"/>
    <w:Facet w:facet="enumeration" w:value="K13"/>
    <w:Facet w:facet="enumeration" w:value="K17"/>
    <w:Facet w:facet="enumeration" w:value="K45"/>
    <w:Facet w:facet="enumeration" w:value="K46"/>
    <w:Facet w:facet="enumeration" w:value="KMT"/>
    <w:Facet w:facet="enumeration" w:value="KTM"/>
    <w:Facet w:facet="enumeration" w:value="L98"/>
    <w:Facet w:facet="enumeration" w:value="L99"/>
    <w:Facet w:facet="enumeration" w:value="M49"/>
    <w:Facet w:facet="enumeration" w:value="M50"/>
    <w:Facet w:facet="enumeration" w:value="M51"/>
    <w:Facet w:facet="enumeration" w:value="M52"/>
    <w:Facet w:facet="enumeration" w:value="M53"/>
    <w:Facet w:facet="enumeration" w:value="M7"/>
    <w:Facet w:facet="enumeration" w:value="MAM"/>
    <w:Facet w:facet="enumeration" w:value="MMT"/>
    <w:Facet w:facet="enumeration" w:value="MTR"/>
    <w:Facet w:facet="enumeration" w:value="NMI"/>
    <w:Facet w:facet="enumeration" w:value="SMI"/>
    <w:Facet w:facet="enumeration" w:value="X1"/>
    <w:Facet w:facet="enumeration" w:value="YRD"/>
  </w:Type>
</w:WantList>
